filename,width,height,class,xmin,ymin,xmax,ymax
images--58-_jpg.rf.93198ac4e63dfc3f69ae3879bf52268a.jpg,300,300,beard,92,157,171,222
images--121-_jpg.rf.9b3b86ed4b776f39a24136f27f771c38.jpg,300,300,beard,117,163,181,194
images--101-_jpg.rf.928e4a2f0c346f59b759be72f3d5bf1f.jpg,300,300,beard,57,14,220,106
images--154-_jpg.rf.9ba988f52385afbfa43330c791abe9f7.jpg,300,300,beard,94,136,158,201
images--163-_jpg.rf.a256a9f3ca8a6ba31b496c1fa77c3a32.jpg,300,300,beard,83,112,174,199
images--81-_jpg.rf.98d3a50d58769b561536dc57f4dbb38f.jpg,300,300,beard,85,11,204,97
images--148-_jpg.rf.a2b7c07cd2ca54c93e02480145b0aed0.jpg,300,300,beard,70,133,214,197
images--113-_jpg.rf.99ab64ebc4d586fe18aefc48b1445703.jpg,300,300,beard,91,133,213,278
images--200-_jpg.rf.9e676c02153770dbced5a2590836169a.jpg,300,300,beard,79,80,217,157
images--103-_jpg.rf.9adaea4293002f6a4fc1b61fbb0478d0.jpg,300,300,beard,125,125,248,196
images--24-_jpg.rf.9e11a93d8970a993f3818cf7c0e93247.jpg,300,300,beard,74,82,213,158
images--127-_jpg.rf.a3f166444a2d4d13b46a56fb9705cadd.jpg,300,300,beard,113,86,216,181
images--27-_jpg.rf.a52352cd623265364454302be922f084.jpg,300,300,beard,119,97,190,134
images--164-_jpg.rf.a0ba45001f86166e2be2ed3fa5952257.jpg,300,300,beard,57,162,169,258
images--23-_jpg.rf.9ac0c36a272a92033fd87c9284a7733f.jpg,300,300,beard,100,98,196,160
images--119-_jpg.rf.a491dd772a059c4d52399981aa9c456c.jpg,300,300,beard,125,88,193,140
images--161-_jpg.rf.97a424781946e904f4c77cebcbe32af5.jpg,300,300,beard,90,66,146,95
images--20-_jpg.rf.9a78f0b72b16d7f029107af5c959b415.jpg,300,300,beard,100,49,197,170
images--102-_jpg.rf.95328746c6faf33f675fa1c1c1ac8a8b.jpg,300,300,beard,79,104,236,172
images--225-_jpg.rf.98589d5f4368de6f0bcf3715a701fbe3.jpg,300,300,beard,123,91,213,144
images--33-_jpg.rf.96106eec6e65a1c75649a6be82210baf.jpg,300,300,beard,108,207,213,284
images--70-_jpg.rf.a22f008aa258f1717fee75402e7a05e0.jpg,300,300,beard,51,124,124,174
images--158-_jpg.rf.a4c5632e264f5c92aaf571709abb9509.jpg,300,300,beard,115,112,159,147
images--155-_jpg.rf.a5fbd3ac2fb6c8714715c07fe1c87a04.jpg,300,300,beard,124,71,252,151
images--0-_jpg.rf.a5b828bd82d3ccbba7ff7e75b61ebe54.jpg,300,300,beard,64,129,211,212
images--37-_jpg.rf.a6039917520ef390b483a7f1838cf5f6.jpg,300,300,beard,183,116,219,152
images--191-_jpg.rf.991b009b40f2633da12572c795d96904.jpg,300,300,beard,126,212,165,246
images--130-_jpg.rf.a9cebbb55a9e4033aa1afb2c9f620c5e.jpg,300,300,beard,122,100,177,157
images--41-_jpg.rf.a8f6a978cda8014ed5c2049fa6961914.jpg,300,300,beard,77,98,159,163
images--178-_jpg.rf.a5824ef7a8a49700f754a06308961f52.jpg,300,300,beard,97,104,233,159
images--58-_jpg.rf.a6eef83e31316de88ff85b904f10757f.jpg,300,300,beard,130,157,209,222
images--205-_jpg.rf.a67e2fbaf0d0573b94dd037a729b910a.jpg,300,300,beard,144,66,224,151
images--193-_jpg.rf.ac1e8df3997a6cf935ec6a8c480a60c8.jpg,300,300,beard,111,125,192,206
images--143-_jpg.rf.a8e9cc7cae0724febcc09d8f77a96e44.jpg,300,300,beard,20,167,277,243
images--213-_jpg.rf.af2a760edb09a9414d86f00e6e53b633.jpg,300,300,beard,126,119,174,164
images--120-_jpg.rf.aae8c1091d130715114d5aeeebf33625.jpg,300,300,beard,114,156,184,228
images--45-_jpg.rf.a6ae72d2d592a3a36f8b3c262ee9341f.jpg,300,300,beard,110,150,202,224
images--0-_jpg.rf.aeab4ffa680bd044a8ba3abc66fa9678.jpg,300,300,beard,64,129,211,212
images--115-_jpg.rf.ab6f0b239e8f0425854a0aaa2df84892.jpg,300,300,beard,133,134,189,229
images--213-_jpg.rf.aad1da00f3c59e1a6c16995e4c7ca613.jpg,300,300,beard,126,137,174,182
images--211-_jpg.rf.abb324c2f84bf7d576f82ec352bf44ab.jpg,300,300,beard,99,122,158,187
images--158-_jpg.rf.b13acd8e88f3f1e1248821b785437ee3.jpg,300,300,beard,115,154,159,189
images--138-_jpg.rf.a256de0b44aed2eae308984eb7d0f4c0.jpg,300,300,beard,102,161,201,243
images--176-_jpg.rf.afd04f827edc59f6c369f9773af60eab.jpg,300,300,beard,94,122,131,162
images--111-_jpg.rf.b2f8f79ae4e6eb3f88e1457a903d7026.jpg,300,300,beard,111,130,201,193
images--36-_jpg.rf.ad2d194fcd59a6fe3a9b7d17aae65445.jpg,300,300,beard,135,145,214,219
images--97-_jpg.rf.ae6110065c313200c7c97c0a2e0df470.jpg,300,300,beard,72,166,184,228
images--15-_jpg.rf.b3f4d6da48687bcba2800cdec6d35af5.jpg,300,300,beard,34,84,141,197
images--224-_jpg.rf.b017a9c632184d056fad752f4bc0147a.jpg,300,300,beard,90,81,198,160
images--209-_jpg.rf.ae1e5e83c1857aa86aaaa8029427bca0.jpg,300,300,beard,121,96,161,157
images--61-_jpg.rf.b4005e3ee901df4de6c75e625cce8b22.jpg,300,300,beard,108,118,260,205
images--89-_jpg.rf.b1f90baca372d5d1e18069c0d6b35e1b.jpg,300,300,beard,88,169,208,251
images--110-_jpg.rf.b07bb2af30bd1cf3920609ce63fe014d.jpg,300,300,beard,66,73,149,152
images--222-_jpg.rf.b6f2e09630e387922d4e505e113c1719.jpg,300,300,beard,102,42,182,126
images--114-_jpg.rf.b80991abb9183b7e15c7bc9b3769e003.jpg,300,300,beard,96,156,197,269
images--203-_jpg.rf.b91473c1538615ec0d80b2c8330c057d.jpg,300,300,beard,71,134,143,190
images--40-_jpg.rf.b81bee1307c6a1be90400c76840b26c1.jpg,300,300,beard,122,70,187,153
images--89-_jpg.rf.b706354d6a8e52273bf31e84259b6ebd.jpg,300,300,beard,92,49,212,131
images--211-_jpg.rf.bbd429e537a7812b4518a49bd76f00a6.jpg,300,300,beard,143,122,202,187
images--188-_jpg.rf.b9784fee08b0e2e674fb38b8c91c8cf7.jpg,300,300,beard,110,76,176,122
images--72-_jpg.rf.b9ef76b5979619db7dfbfafa1fef5e97.jpg,300,300,beard,116,135,244,198
images--109-_jpg.rf.b2101546f2c60514f4a640e18b8235c8.jpg,300,300,beard,92,125,210,187
images--55-_jpg.rf.ba941ce94defeb61a677930aa7279bfc.jpg,300,300,beard,110,98,184,168
images--80-_jpg.rf.bdb77f3178e5d95b0db567e88543626a.jpg,300,300,beard,56,207,217,285
images--219-_jpg.rf.b9dff8895190df3797adfc86fa867f11.jpg,300,300,beard,90,36,206,120
images--79-_jpg.rf.bd3348e405aba7bfb15b4a4fdbef4d23.jpg,300,300,beard,97,198,198,260
images--138-_jpg.rf.be726594c8e79f0bb10025fc383337f3.jpg,300,300,beard,100,57,199,139
images--72-_jpg.rf.bf0195545dafbb93d43dfabc695b67e6.jpg,300,300,beard,56,103,184,166
images--4-_jpg.rf.c2d95530199e1a451f656e502efd475c.jpg,300,300,beard,80,121,207,183
images--42-_jpg.rf.bd54a1f66808dafdf7cd4276dd51beaa.jpg,300,300,beard,162,131,214,213
images--112-_jpg.rf.c40b967ee4dbc580e9b2d1d837523a1d.jpg,300,300,beard,180,53,259,111
images--142-_jpg.rf.b440c82c4541be3e094442938f1cf63a.jpg,300,300,beard,89,128,198,187
images--31-_jpg.rf.c199ebb4670a953707dc315a0e706b50.jpg,300,300,beard,114,100,171,158
images--95-_jpg.rf.c3e7470bb114216c81b623d4d426eaa1.jpg,300,300,beard,83,190,114,217
images--116-_jpg.rf.c429c97a503429cb8aa6eb9b52554cb3.jpg,300,300,beard,78,16,241,104
images--20-_jpg.rf.bf6731c50c38622dde6829f75635fd4d.jpg,300,300,beard,104,131,201,252
images--104-_jpg.rf.c49b8f01d34ccfc8443e873d6f889309.jpg,300,300,beard,81,83,260,165
images--126-_jpg.rf.c580cd2b4d226af7aa3ee36022918989.jpg,300,300,beard,80,114,165,177
images--142-_jpg.rf.c6c5819e49a716cc22f78fdd75b5fb93.jpg,300,300,beard,103,114,212,173
images--204-_jpg.rf.b5e3afefa9bd3b0807e0f74910163c4a.jpg,300,300,beard,69,138,187,271
images--30-_jpg.rf.c6e58133583a2ed9a6966d4efa735000.jpg,300,300,beard,1,50,201,162
images--170-_jpg.rf.c7d98b7d46423950384ff8cbc18d8adb.jpg,300,300,beard,98,113,209,162
images--135-_jpg.rf.c7cd501a20d1e2e9d2ec516525055047.jpg,300,300,beard,132,58,168,86
images--212-_jpg.rf.c99b22544f943a20962ff496d7919888.jpg,300,300,beard,71,150,255,257
images--45-_jpg.rf.ce0cd6c83c862976ac78bebcd0795dae.jpg,300,300,beard,98,76,190,150
images--158-_jpg.rf.ccc2b7889312d4398b9e0ebda8fdb0eb.jpg,300,300,beard,141,154,185,189
images--69-_jpg.rf.c0003da3e7e9d2ca6dc08d96e79abb1e.jpg,300,300,beard,145,131,248,201
images--2-_jpg.rf.c8ee52e816d2d345f4a95536871d2aa0.jpg,300,300,beard,78,32,200,125
images--185-_jpg.rf.c70e634538c9f43c4841ee73f9f35d82.jpg,300,300,beard,80,158,203,244
images--67-_jpg.rf.d1812f65f41930c888a37a17e7a91642.jpg,300,300,beard,156,84,194,119
images--101-_jpg.rf.d631e8e9c3068263967547c221478b7b.jpg,300,300,beard,57,194,220,286
images--56-_jpg.rf.cafddfdf997cd5c0d10d87b0250a93b9.jpg,300,300,beard,95,179,201,281
images--29-_jpg.rf.d316333cc03b7be4af4b2bfb22219675.jpg,300,300,beard,82,146,232,221
images--196-_jpg.rf.d44ab1669f98ef15206bda6e4623ecd2.jpg,300,300,beard,95,93,221,174
images--34-_jpg.rf.d22420c9c7c98497e7ac313ce938b20a.jpg,300,300,beard,75,132,224,189
images--23-_jpg.rf.dadf6b6a10aacc28807745652dba9b92.jpg,300,300,beard,104,140,200,202
images--172-_jpg.rf.cff4c6755e40c7dcba57b38760fba191.jpg,300,300,beard,118,170,165,214
images--67-_jpg.rf.d7b7be102d5179fe7de69e2ec35949df.jpg,300,300,beard,156,84,194,119
images--219-_jpg.rf.d7a42480d3a59bddbcbecea1c7f9a202.jpg,300,300,beard,94,36,210,120
images--72-_jpg.rf.d8e6c635293795b3b857be8f5122bac4.jpg,300,300,beard,56,135,184,198
images--137-_jpg.rf.d530859f3d9243e6cfd298821aedca02.jpg,300,300,beard,137,68,200,133
images--196-_jpg.rf.d6dd575b0e64940d11a5f98b62058913.jpg,300,300,beard,95,127,221,208
images--184-_jpg.rf.d8c89ba0946ae8c5db27d20120956f37.jpg,300,300,beard,113,87,180,144
images--208-_jpg.rf.d9528b97a0b3957ad8068fcd74b12b9e.jpg,300,300,beard,39,82,130,156
images--169-_jpg.rf.d36f51c80fc4abdeb2f14413bf91bacd.jpg,300,300,beard,93,128,208,200
images--167-_jpg.rf.d6c38e7cb1d989d1d6e1c193481bbbae.jpg,300,300,beard,59,147,199,227
images--212-_jpg.rf.d19fe506afb8ff75b6101810961162e1.jpg,300,300,beard,45,44,229,151
images--167-_jpg.rf.c6ee2eff69ff242af58dfdec8d537ea8.jpg,300,300,beard,59,73,199,153
images--51-_jpg.rf.db6794d897fea912dc7a8b19c01c5600.jpg,300,300,beard,81,126,210,182
images--17-_jpg.rf.da97ef701c39d8134728c346b8f7b1ab.jpg,300,300,beard,137,146,193,212
images--157-_jpg.rf.db88bae4bd0cecc79395bc655403b523.jpg,300,300,beard,100,118,192,166
images--46-_jpg.rf.de6894fa54730feb271dc7fe683029b8.jpg,300,300,beard,119,111,179,182
images--202-_jpg.rf.e0ddf6ffe04bb4a42ae03aed91cbdb8a.jpg,300,300,beard,135,95,248,179
images--51-_jpg.rf.e0d602f387ad9017650dc9caec76c369.jpg,300,300,beard,91,118,220,174
images--218-_jpg.rf.db6b9a7509aba51b5179feefe3e343c5.jpg,300,300,beard,91,127,170,202
images--170-_jpg.rf.dca2fd9fa49743196baabf940cfc4071.jpg,300,300,beard,92,139,203,188
images--217-_jpg.rf.e430b8f8222b696c80dc68e4e973c68c.jpg,300,300,beard,100,82,152,108
images--38-_jpg.rf.e402634b4a25c102f7b786e6edd570e4.jpg,300,300,beard,120,189,191,269
images--211-_jpg.rf.e3ab59720a29130590dd9ca3178d97d5.jpg,300,300,beard,143,122,202,187
images--151-_jpg.rf.ddc2ae2ac066e3431f3bff6df85f7c90.jpg,300,300,beard,101,86,139,118
images--68-_jpg.rf.e7fbc3fe516e0b85dfe405060ee3fccf.jpg,300,300,beard,142,166,212,223
images--163-_jpg.rf.e9e28a02adeda5e6e245ee13705a4996.jpg,300,300,beard,127,102,218,189
images--182-_jpg.rf.eca82a335d4882438d6f5c89744d736a.jpg,300,300,beard,84,176,234,253
images--99-_jpg.rf.e74e72c6a609ce38431399348b1da8b0.jpg,300,300,beard,105,156,190,255
images--189-_jpg.rf.e382217c6aac88832850f5cf4c6d9c01.jpg,300,300,beard,66,189,116,219
images--203-_jpg.rf.e527cd1567688cd95456e0d9b0d86002.jpg,300,300,beard,71,110,143,166
images--179-_jpg.rf.e7b9d515b133c2977668551063de8c00.jpg,300,300,beard,108,26,226,115
images--80-_jpg.rf.e9ba5731ec4a2cefbfe8d4fcc8887fa6.jpg,300,300,beard,84,207,245,285
images--155-_jpg.rf.ed1f0c1daf57254577d00a678fb0dd9a.jpg,300,300,beard,48,149,176,229
images--160-_jpg.rf.e126a6f8c75cd1a838b2b9bcc6a3417b.jpg,300,300,beard,78,94,206,168
images--93-_jpg.rf.ea70ece9cf1c8e0f6c9a1577e44b7e6c.jpg,300,300,beard,99,190,216,267
images--188-_jpg.rf.ed4cd5b30619edbab96ea89f8e7dc8d3.jpg,300,300,beard,110,76,176,122
images--44-_jpg.rf.ed7b884048952bd8523123a25c9a2a12.jpg,300,300,beard,86,108,180,162
images--157-_jpg.rf.ef8afbc12bbb9bcd97f86cbb012a4189.jpg,300,300,beard,100,134,192,182
images--64-_jpg.rf.db19e97936ecf76845b58263141cc4ac.jpg,300,300,beard,122,134,176,178
images--60-_jpg.rf.ed6b8c2d0909ee2a5ab68cd66343a643.jpg,300,300,beard,186,131,257,181
images--107-_jpg.rf.f216979e6ab3d0f85df983bb5b046091.jpg,300,300,beard,109,166,186,215
images--185-_jpg.rf.ef71a928f942289628e379ceb9e48cd2.jpg,300,300,beard,80,56,203,142
images--69-_jpg.rf.f023291d48c9f5cea13a153f450e5d93.jpg,300,300,beard,53,99,156,169
images--17-_jpg.rf.f11efc7bf8cb0c5ce8265d77a8702fb4.jpg,300,300,beard,137,146,193,212
images--92-_jpg.rf.efebfe278726fd446f8acd7f1c5c230d.jpg,300,300,beard,117,128,244,232
images--28-_jpg.rf.f1c014f83b32292f3cea1966554c2aa2.jpg,300,300,beard,84,124,224,185
images--10-_jpg.rf.f2c9a70bf7a17237606d159090a525c3.jpg,300,300,beard,90,135,204,234
images--162-_jpg.rf.f33984f6dc54734e5ce6341f383901b8.jpg,300,300,beard,111,104,195,159
images--56-_jpg.rf.f5b3225248a3ee422c285d8fea5c1f65.jpg,300,300,beard,95,19,201,121
images--136-_jpg.rf.f193b42dbcdc5469db52015f0ef2f943.jpg,300,300,beard,82,24,219,98
images--85-_jpg.rf.f8aecf75111350173f94cedcdacf5e9b.jpg,300,300,beard,121,124,185,169
images--198-_jpg.rf.f50168d0f3f828659743b404c3820fd3.jpg,300,300,beard,103,67,167,107
images--113-_jpg.rf.f354d45596b39e1a1a53dff12e9932b0.jpg,300,300,beard,87,23,209,168
images--90-_jpg.rf.f6fd561ae45b63b8b61eb92929f032aa.jpg,300,300,beard,43,69,196,148
images--10-_jpg.rf.f3e5d376985cd29117c567b314897a63.jpg,300,300,beard,96,135,210,234
images--198-_jpg.rf.f96db277bd91b9ffae765a7eb3b31729.jpg,300,300,beard,133,193,197,233
images--32-_jpg.rf.f65978c138d9df374a20e4359b2d1448.jpg,300,300,beard,82,168,220,234
images--35-_jpg.rf.f5e53f5fea324b6caf169f428d7d0524.jpg,300,300,beard,13,151,145,224
images--136-_jpg.rf.fbf8069c1ddc51cc4a97c91c6bc11aa5.jpg,300,300,beard,82,202,219,276
images--200-_jpg.rf.f9e6b2628fd4f0760653140303bf4257.jpg,300,300,beard,79,80,217,157
images--186-_jpg.rf.f9e962f5ecbb4e0ebd5018993356d817.jpg,300,300,beard,102,78,191,141
images--186-_jpg.rf.eb8a577be10e2128e08177315f2b80f1.jpg,300,300,beard,102,78,191,141
images--187-_jpg.rf.fe0f139f5deca4ab632fce2c8cd0c5b7.jpg,300,300,beard,82,125,189,194
images--184-_jpg.rf.f986fb616fa7be240ced5ccf81002806.jpg,300,300,beard,121,157,188,214
images--91-_jpg.rf.f77451fbf702f2e074c96b3cf657c00f.jpg,300,300,beard,119,153,220,218
images--36-_jpg.rf.f6855b791863f5ecbf2ce22e810198c4.jpg,300,300,beard,87,145,166,219
images--187-_jpg.rf.fd10ad10cfe83902641860e8e607661c.jpg,300,300,beard,112,107,219,176
images--201-_jpg.rf.fc98fac5a75232b2080063627995a46a.jpg,300,300,beard,78,51,162,131
images--80-_jpg.rf.ff2dabc69f35552e5a72bbf0aa4b803b.jpg,300,300,beard,84,207,245,285
images--168-_jpg.rf.fced82ef3edd8090ede9148a02ae0c02.jpg,300,300,beard,64,183,227,260
images--97-_jpg.rf.f81bd448ccfd5879fe6b49e44405cc13.jpg,300,300,beard,116,72,228,134
images--53-_jpg.rf.fcf4ed99bee50ebea42f1b9918b1d777.jpg,300,300,beard,58,135,194,206
images--60-_jpg.rf.ff68930b15239dc3855c3cec0667f58e.jpg,300,300,beard,186,119,257,169
images--103-_jpg.rf.ffce41c47ce364233832b2d320224d4b.jpg,300,300,beard,53,105,176,176
images--81-_jpg.rf.fe6eac711860d36935841cb597d8bd06.jpg,300,300,beard,85,203,204,289
images--189-_jpg.rf.00594768fe6b3467d058ed6ac8104d73.jpg,300,300,beard,184,189,234,219
images--110-_jpg.rf.0260a351e6e50c9af8dd50018ceaf925.jpg,300,300,beard,66,149,149,228
images--121-_jpg.rf.0137dcc0a1de2f1d513453696e66bd4d.jpg,300,300,beard,117,107,181,138
images--222-_jpg.rf.04b05f4c06afa63ca2ca4ccdd9d4935b.jpg,300,300,beard,118,174,198,258
images--10-_jpg.rf.00a3b85da9b20f3f4861eb9221566341.jpg,300,300,beard,96,67,210,166
images--135-_jpg.rf.024011136554225bb44567645e6ba8f1.jpg,300,300,beard,132,58,168,86
images--225-_jpg.rf.014ce747544b61fd558bc8b9bd11d56e.jpg,300,300,beard,87,157,177,210
images--41-_jpg.rf.05d635da5ae07ce1ff5e8d06395a92c3.jpg,300,300,beard,141,98,223,163
images--172-_jpg.rf.05c58f5cc5e9527a064668cfcf5239b2.jpg,300,300,beard,136,170,183,214
images--114-_jpg.rf.0788f2d83d752eaee055e72b9dc117c1.jpg,300,300,beard,96,32,197,145
images--44-_jpg.rf.08a0ff357e4d5f2e40f6090dc8b42b56.jpg,300,300,beard,120,108,214,162
images--223-_jpg.rf.07103c3cafd6ab5172ed3e7539ce73ce.jpg,300,300,beard,77,131,203,203
images--0-_jpg.rf.05dcb5c519e2df59cd5999a86d32d1b2.jpg,300,300,beard,90,89,237,172
images--173-_jpg.rf.08c699a3930a92a502c5767e8c6dbd33.jpg,300,300,beard,133,111,176,145
images--198-_jpg.rf.05d2b2f47aba929e1221299c88f7a4af.jpg,300,300,beard,133,67,197,107
images--219-_jpg.rf.0b6c78a88d725f4c1b8c988e77d0e2c4.jpg,300,300,beard,90,180,206,264
images--70-_jpg.rf.112cc935a93341748be9fa553790a1fe.jpg,300,300,beard,51,124,124,174
images--146-_jpg.rf.0693fbfbaaf94ca00b282a18f1b80bac.jpg,300,300,beard,84,160,199,239
images--157-_jpg.rf.0a227d4a77fb5e6dc919e852ad1998e7.jpg,300,300,beard,108,134,200,182
images--86-_jpg.rf.09b00e39da59e7427ccfeecc4ea28419.jpg,300,300,beard,116,147,181,215
images--57-_jpg.rf.0f71677e30e1f5a8d6de3ff868fb65f6.jpg,300,300,beard,141,84,236,160
images--109-_jpg.rf.0b3c8f757494ae95ce934eeb05f3e363.jpg,300,300,beard,92,125,210,187
images--37-_jpg.rf.1545212bd007d2c789f32c480771d353.jpg,300,300,beard,81,116,117,152
images--99-_jpg.rf.0d30055c6fb4dba52e8fc9f24cedd43c.jpg,300,300,beard,111,46,196,145
images--146-_jpg.rf.12a77ed54cb43e3ac66b79c5d5c5d0c9.jpg,300,300,beard,84,62,199,141
images--204-_jpg.rf.1640a8e899e8a5fc8a6004d0d4e1c8b3.jpg,300,300,beard,113,138,231,271
images--84-_jpg.rf.179c08f602c0e2457f64c2759254f337.jpg,300,300,beard,94,62,210,134
images--108-_jpg.rf.162520b0bd6b02a69d768afff52a08b2.jpg,300,300,beard,88,133,210,209
images--213-_jpg.rf.0fa57c95f77568d863caf66e41a64f78.jpg,300,300,beard,126,119,174,164
images--4-_jpg.rf.16abff618f98c51bcabf7467a27839f3.jpg,300,300,beard,80,117,207,179
images--110-_jpg.rf.182ed143fea78bcb3a5eef1a14f1f59d.jpg,300,300,beard,152,149,235,228
images--32-_jpg.rf.186865e39b2836c6a49122e6948bb74f.jpg,300,300,beard,82,66,220,132
images--11-_jpg.rf.1482a27890861f3104b2adce645b12ab.jpg,300,300,beard,99,163,193,236
images--179-_jpg.rf.1892a3ee58fd12cfea06255f133a8f43.jpg,300,300,beard,74,186,192,275
images--47-_jpg.rf.1288140cb7b586055d86ed4eccaa812f.jpg,300,300,beard,148,101,219,166
images--188-_jpg.rf.1d45268a731f72c2be4a1577beb6cef6.jpg,300,300,beard,124,76,190,122
images--119-_jpg.rf.1b0d6641b90f8876c14956201b10a01f.jpg,300,300,beard,107,160,175,212
images--53-_jpg.rf.0ba05e589b4a3cec7d5bea33c16e0d26.jpg,300,300,beard,106,135,242,206
images--151-_jpg.rf.1a7557a344fcc011943188d2556bcdd1.jpg,300,300,beard,101,182,139,214
images--180-_jpg.rf.1ecbab7bc3f5e7d35b37e920d07916a3.jpg,300,300,beard,75,120,216,180
images--68-_jpg.rf.16df4f8b1fd488fe2578d999ceb74f5a.jpg,300,300,beard,88,78,158,135
images--202-_jpg.rf.1fa6d0cb52cb30bfcfe1e51e236e53ec.jpg,300,300,beard,135,121,248,205
images--45-_jpg.rf.20f489ad1f03328f8243f3133e0e276f.jpg,300,300,beard,98,150,190,224
images--115-_jpg.rf.1e13705c71fc16d77ce92f150c17f823.jpg,300,300,beard,133,72,189,167
images--154-_jpg.rf.1daded66fab7a3f7fe7759bc41ee1df5.jpg,300,300,beard,142,100,206,165
images--108-_jpg.rf.2035d01f2b0aaec73ea61f01e9a06663.jpg,300,300,beard,90,91,212,167
images--62-_jpg.rf.2013429b4b11e979ec83fa5d547d117b.jpg,300,300,beard,83,78,161,149
images--24-_jpg.rf.2413c60da42fa197b3e889775d5bbfb6.jpg,300,300,beard,88,82,227,158
images--2-_jpg.rf.2013c9c2d2e4655a8ba3e12101f5c6f4.jpg,300,300,beard,100,176,222,269
images--142-_jpg.rf.1e10f6c09f1dedb9b46555a89f50b8ed.jpg,300,300,beard,103,128,212,187
images--84-_jpg.rf.22094aeecee88725b83a92bea616c50f.jpg,300,300,beard,90,62,206,134
images--218-_jpg.rf.1efbbcd0cc9d8a1d1fb238533a2c048e.jpg,300,300,beard,91,99,170,174
images--135-_jpg.rf.22414d74b71f0163a0d82065707df5a8.jpg,300,300,beard,132,214,168,242
images--24-_jpg.rf.2253adcd7a979f47c40063c443607669.jpg,300,300,beard,74,142,213,218
images--78-_jpg.rf.235e3ea3201394dbedc3613c75a91886.jpg,300,300,beard,107,177,221,241
images--207-_jpg.rf.1cfe22d8a2a7100318c3f66648b0a8a2.jpg,300,300,beard,111,129,219,186
images--47-_jpg.rf.2335b0e82a2b465c31b82f2374f7a65f.jpg,300,300,beard,82,135,153,200
images--187-_jpg.rf.18cf3ac5e8a6418c7296a1ceca1ee013.jpg,300,300,beard,112,125,219,194
images--99-_jpg.rf.23968adb58dc07fafbd764187f7dbdf9.jpg,300,300,beard,111,46,196,145
images--200-_jpg.rf.22fbdc2efe5371bebf48f564183e1194.jpg,300,300,beard,83,144,221,221
images--42-_jpg.rf.24f05a63abb0865e930a3be7b0ce0215.jpg,300,300,beard,86,87,138,169
images--60-_jpg.rf.29043d07a18c66e60e9707be46e19633.jpg,300,300,beard,44,131,115,181
images--120-_jpg.rf.245e7f597e5117ecf437be7860b611a3.jpg,300,300,beard,116,72,186,144
images--212-_jpg.rf.2a1f4edde2da398822a23f5668d715ee.jpg,300,300,beard,45,150,229,257
images--130-_jpg.rf.242a06a0a7b210391bff7522b5e1905f.jpg,300,300,beard,124,144,179,201
images--116-_jpg.rf.2689b2b97a88051723b95db2a74d99e2.jpg,300,300,beard,60,196,223,284
images--21-_jpg.rf.2d99bb45e9deb835f2c6c518e1dc57c9.jpg,300,300,beard,62,155,137,245
images--178-_jpg.rf.27b427501bef543cf61f98ece7839150.jpg,300,300,beard,97,104,233,159
images--206-_jpg.rf.300b7c11d525f5b13ed63c9e9063d639.jpg,300,300,beard,136,161,174,224
images--46-_jpg.rf.2ae16af13570fcf24cecd0e762eb44d4.jpg,300,300,beard,121,119,181,190
images--20-_jpg.rf.2b33719098f2e9898d9d6a05746e19ab.jpg,300,300,beard,104,49,201,170
images--206-_jpg.rf.2bd574aa3a334807ae672ea257dbb831.jpg,300,300,beard,136,77,174,140
images--96-_jpg.rf.330611f9801945094dd83b605c59335f.jpg,300,300,beard,126,142,245,219
images--21-_jpg.rf.2ba2e2090ceefa1d66dd57f0482a8379.jpg,300,300,beard,164,55,239,145
images--138-_jpg.rf.2dbf66b6af89437d531197d941523d0c.jpg,300,300,beard,100,57,199,139
images--102-_jpg.rf.2b3732dbcadee7b2afb9b3e376856653.jpg,300,300,beard,65,128,222,196
images--173-_jpg.rf.30621f171d1d94180e5ae3db87a0b6a1.jpg,300,300,beard,125,155,168,189
images--30-_jpg.rf.35b19bcd0138f4d27b19cafba79fc970.jpg,300,300,beard,99,50,299,162
images--205-_jpg.rf.31d5de1f57137b18604693111f4b706a.jpg,300,300,beard,76,150,156,235
images--168-_jpg.rf.347c0c653e49588d5f729cd3d564deb2.jpg,300,300,beard,64,183,227,260
images--171-_jpg.rf.2bb759cd6b30ed9df98c8c8b538f7f22.jpg,300,300,beard,165,156,245,200
images--202-_jpg.rf.2b17ab79bc3277970908bf177ab8e7ab.jpg,300,300,beard,53,95,166,179
images--29-_jpg.rf.38a26270df84493d589d942f5040cc5c.jpg,300,300,beard,82,146,232,221
images--196-_jpg.rf.38b03d0d143579e9e0c59d4982bf48c2.jpg,300,300,beard,95,93,221,174
images--195-_jpg.rf.335bbaeea0b05d01f71d924671abe592.jpg,300,300,beard,96,147,164,218
images--178-_jpg.rf.3a21b9609b483119482f965da0b8444b.jpg,300,300,beard,97,142,233,197
images--207-_jpg.rf.32586aab7841283ba4d5514bdcc05ec9.jpg,300,300,beard,81,115,189,172
images--84-_jpg.rf.373a074cb32f957b0d6239fb922111f9.jpg,300,300,beard,94,166,210,238
images--134-_jpg.rf.3970777ae0a1dda32c437c9e3109ffb5.jpg,300,300,beard,113,133,216,243
images--73-_jpg.rf.3a2a13af01de2f70d96b445b68c029b9.jpg,300,300,beard,71,178,211,245
images--57-_jpg.rf.3a55d6bd7729da843167888552d8381d.jpg,300,300,beard,65,84,160,160
images--218-_jpg.rf.3adf23d5ca5e9aaf4185aacf60dbab3d.jpg,300,300,beard,91,127,170,202
images--70-_jpg.rf.42f33b498e0c45e7450ce34b51e7379a.jpg,300,300,beard,177,126,250,176
images--68-_jpg.rf.3a6b2ccd07dcbf61f14bbaf102a4d548.jpg,300,300,beard,142,78,212,135
images--28-_jpg.rf.3b10086ba1c511f546dd808ff8fef9e4.jpg,300,300,beard,76,116,216,177
images--145-_jpg.rf.3d8e6d030c872c1dd3a22f6441887daf.jpg,300,300,beard,131,170,171,203
images--191-_jpg.rf.426026b2d3f05810c47df00a116e76bf.jpg,300,300,beard,136,54,175,88
images--49-_jpg.rf.3bb15e278868d7397e8fbee3b8dfe7be.jpg,300,300,beard,85,56,206,172
images--159-_jpg.rf.4562271b8c9d5d4b2ae91d960e2cead1.jpg,300,300,beard,116,152,218,219
images--148-_jpg.rf.42bb57b8985df6026f74b78f394886dd.jpg,300,300,beard,70,133,214,197
images--177-_jpg.rf.42b543e462adf379508ca3b232ba860c.jpg,300,300,beard,94,95,216,156
images--35-_jpg.rf.40485af61e7dd38c6f8154381eb4a116.jpg,300,300,beard,13,77,145,150
images--171-_jpg.rf.442c564a9984d91c6bb813f608ff7e02.jpg,300,300,beard,165,100,245,144
images--206-_jpg.rf.44e0d87d4d5eeccd1dfd761877698758.jpg,300,300,beard,126,161,164,224
images--41-_jpg.rf.438345d782fe0d5b872a0f5f18ebddf7.jpg,300,300,beard,77,138,159,203
images--85-_jpg.rf.46e0361e1ace29ae9ca549539b50d6dd.jpg,300,300,beard,121,124,185,169
images--76-_jpg.rf.483a76f457aa46dd0327d1778db1b613.jpg,300,300,beard,131,90,203,167
images--118-_jpg.rf.496048a1b2fab7109ce3e7344ba1ed62.jpg,300,300,beard,82,114,183,198
images--111-_jpg.rf.47d85d583b2b3192810e75026a35b963.jpg,300,300,beard,99,130,189,193
images--205-_jpg.rf.4bde3b3ae899d51c2137dc30aca30e44.jpg,300,300,beard,76,66,156,151
images--176-_jpg.rf.3b715e4aa5cb645043ea8899d4e065ac.jpg,300,300,beard,170,138,207,178
images--201-_jpg.rf.3e137fd33d1ba0441aa462659137e427.jpg,300,300,beard,138,169,222,249
images--76-_jpg.rf.47189e80f2993c1114ab15e138c2a2d1.jpg,300,300,beard,97,90,169,167
images--199-_jpg.rf.4870e739e26d3958bdc77ba681f0f231.jpg,300,300,beard,113,145,183,195
images--134-_jpg.rf.489d66b428e8823a0a78f88eb723e9ed.jpg,300,300,beard,85,57,188,167
images--191-_jpg.rf.4ac538f90bfa6b9226358e13d5c8581a.jpg,300,300,beard,136,212,175,246
images--55-_jpg.rf.4728387fcea7210dbba26f7f00bc3b49.jpg,300,300,beard,116,98,190,168
images--30-_jpg.rf.48f471c52279ea6bb63c648dc2990436.jpg,300,300,beard,99,138,299,250
images--2-_jpg.rf.4a1b40ef5ccc6e868eb26e2c234aedc9.jpg,300,300,beard,100,176,222,269
images--164-_jpg.rf.4c6690165f4fa8024074543a46c16106.jpg,300,300,beard,131,162,243,258
images--51-_jpg.rf.4c92258783edd4b053ac23d1752097f9.jpg,300,300,beard,81,118,210,174
images--90-_jpg.rf.4aacfb6b88d11086de0ca584e9901784.jpg,300,300,beard,105,69,258,148
images--27-_jpg.rf.4b4d2d517254f476a4d85d5f1537b9c0.jpg,300,300,beard,119,167,190,204
images--38-_jpg.rf.4d39f03dce1ab955fd89a0e92e7f560b.jpg,300,300,beard,110,31,181,111
images--79-_jpg.rf.4bd6789e48fe3571cf9e68bced40307c.jpg,300,300,beard,97,40,198,102
images--16-_jpg.rf.4800f3b052399197e3464a4c83553d69.jpg,300,300,beard,142,96,174,132
images--90-_jpg.rf.4c36485f33de75c424440b7751178ad2.jpg,300,300,beard,105,153,258,232
images--224-_jpg.rf.4dd49630cc01c70de75b487ff0760510.jpg,300,300,beard,102,141,210,220
images--107-_jpg.rf.572c75238bf5d275b2bcd210f40cb3c3.jpg,300,300,beard,115,166,192,215
images--16-_jpg.rf.50bae3b9390546d0125f7690bb8f0493.jpg,300,300,beard,142,96,174,132
images--123-_jpg.rf.4f6de4aa2970613314bd15430866c71a.jpg,300,300,beard,150,75,227,111
images--177-_jpg.rf.53d7b587b5b552d370a72037c930d978.jpg,300,300,beard,84,145,206,206
images--73-_jpg.rf.52e8030ae085ce475363a48b6c4ddf2c.jpg,300,300,beard,89,178,229,245
images--32-_jpg.rf.5237b5d470f9d79ed2c433ffdcb227fc.jpg,300,300,beard,80,66,218,132
images--148-_jpg.rf.55ad892bb56818d094b4b2d08b7f9bf8.jpg,300,300,beard,70,103,214,167
images--62-_jpg.rf.5363ff9af2ffb0dc2f1806bce83b4723.jpg,300,300,beard,139,152,217,223
images--91-_jpg.rf.4ebe4d0e47077ebb109d558038254a01.jpg,300,300,beard,119,83,220,148
images--182-_jpg.rf.4ea770410ebdfab3639351ed29594363.jpg,300,300,beard,84,48,234,125
images--134-_jpg.rf.4fad93ef1f131adcdbab0f3396a29414.jpg,300,300,beard,85,133,188,243
images--208-_jpg.rf.523383601ea30320235c4aec6a7d35be.jpg,300,300,beard,39,144,130,218
images--207-_jpg.rf.559e67efc9f78f04563641d3f5fcbe6f.jpg,300,300,beard,81,129,189,186
images--185-_jpg.rf.52d988d70dfbbe096c824038e243c255.jpg,300,300,beard,80,56,203,142
images--165-_jpg.rf.5969016d957cf7e56061678e45ba8cc9.jpg,300,300,beard,94,81,204,151
images--127-_jpg.rf.578a68a2574f39afcb6c7d3c3fb0fa67.jpg,300,300,beard,85,86,188,181
images--217-_jpg.rf.5b5482b6818f815bdd7339d1c1c89e05.jpg,300,300,beard,148,82,200,108
images--102-_jpg.rf.58edc3e526e76b1b87404b8999bd1892.jpg,300,300,beard,65,128,222,196
images--122-_jpg.rf.5d7442fe3690cac3b0c4f2dcb1c2b8fc.jpg,300,300,beard,85,41,210,123
images--107-_jpg.rf.5d303b8932e03f60f8c19080a8d122e9.jpg,300,300,beard,115,86,192,135
images--159-_jpg.rf.588c593774eba123325e1edb7f782b64.jpg,300,300,beard,116,152,218,219
images--57-_jpg.rf.579b7489388b1ca15502b50b3c5b0269.jpg,300,300,beard,141,84,236,160
images--78-_jpg.rf.569e24c2a2607d3ec9dab7f5cb76b739.jpg,300,300,beard,79,59,193,123
images--63-_jpg.rf.59c71f31bbcab7ac9726248708ff1343.jpg,300,300,beard,104,146,223,205
images--38-_jpg.rf.5f7af5f6709165160d20c83f13b1d963.jpg,300,300,beard,120,31,191,111
images--16-_jpg.rf.5f25886d7a44fd53f649c09a60292a65.jpg,300,300,beard,126,168,158,204
images--129-_jpg.rf.5ee2f5780543ac5dd2551a0b5f8d1c2a.jpg,300,300,beard,129,112,215,170
images--137-_jpg.rf.620096bf1d140938263610676f1bc802.jpg,300,300,beard,101,168,164,233
images--199-_jpg.rf.62b6590ec52c80f6444c0efafb3c41d7.jpg,300,300,beard,117,105,187,155
images--33-_jpg.rf.611ac30e22309b9990bb2b05b2b58c9e.jpg,300,300,beard,108,17,213,94
images--91-_jpg.rf.6409cd466ef1ae7720f3a52d07b574e4.jpg,300,300,beard,81,153,182,218
images--95-_jpg.rf.64c450d86daa6188b1e18303eb35d580.jpg,300,300,beard,83,84,114,111
images--53-_jpg.rf.5e495c1fc4ad2f86d1ec534366eb2338.jpg,300,300,beard,58,95,194,166
images--129-_jpg.rf.60df9a2ef1378a9b56bc8775b916dac0.jpg,300,300,beard,129,130,215,188
images--136-_jpg.rf.638dae7d8615cbcfac7015ab650f5750.jpg,300,300,beard,82,24,219,98
images--160-_jpg.rf.649c961dac712d90e2ed663bb800e80d.jpg,300,300,beard,94,132,222,206
images--103-_jpg.rf.5e5667493ca7b40217f19f23249f2dec.jpg,300,300,beard,125,105,248,176
images--155-_jpg.rf.5e704be024e456161a318cba290b6991.jpg,300,300,beard,124,71,252,151
images--115-_jpg.rf.5f9fc37aae2639eac1ad3781cde6081c.jpg,300,300,beard,111,72,167,167
images--143-_jpg.rf.684966de12e5a2fbcf21a7f3a3616c90.jpg,300,300,beard,24,57,281,133
images--173-_jpg.rf.64f3a0b72e1c25c3ae9c936a141bef28.jpg,300,300,beard,133,155,176,189
images--172-_jpg.rf.622a4760bf78135118afa580bbdab68b.jpg,300,300,beard,118,170,165,214
images--31-_jpg.rf.6e5ce689de12d24878e70b2020e4876a.jpg,300,300,beard,130,100,187,158
images--85-_jpg.rf.70f6c4949eef55fc16e7bcdc9b6ffe25.jpg,300,300,beard,121,132,185,177
images--89-_jpg.rf.6536e6fe95d7006ce80b49c549790015.jpg,300,300,beard,88,49,208,131
images--69-_jpg.rf.65ea8f6ce1f643f0a5e5c8877a92f1ef.jpg,300,300,beard,145,131,248,201
images--122-_jpg.rf.66f028779a8cf1d6004391ccaa5e25bf.jpg,300,300,beard,91,177,216,259
images--92-_jpg.rf.720c8380c6b08df3afdf27edaa95a63b.jpg,300,300,beard,57,128,184,232
images--15-_jpg.rf.6dff9e871c4bedf01340aad33f369cf0.jpg,300,300,beard,34,104,141,217
images--145-_jpg.rf.73c4093c8a8307892d707f49ae23f6a5.jpg,300,300,beard,131,98,171,131
images--143-_jpg.rf.6b9ebdb6d3de7e83bf5797827e1681f9.jpg,300,300,beard,20,57,277,133
images--111-_jpg.rf.6f4ebe0e89f38cdda9f81d0e04e8520f.jpg,300,300,beard,99,108,189,171
images--169-_jpg.rf.742831bd07726e1d4763ba70d2cc9229.jpg,300,300,beard,93,128,208,200
images--163-_jpg.rf.6e9da560da00142b9322c9e44c5deda5.jpg,300,300,beard,127,102,218,189
images--162-_jpg.rf.71447b1c2f6804fa8e6c07be5d52b1aa.jpg,300,300,beard,111,142,195,197
images--63-_jpg.rf.6513fe4e8be13cd68840186cb8abfefb.jpg,300,300,beard,104,96,223,155
images--169-_jpg.rf.7235b8b02fd986f19aae40ae0e26e947.jpg,300,300,beard,93,128,208,200
images--34-_jpg.rf.7a9a3599d87cea14e539286f41e700e7.jpg,300,300,beard,77,112,226,169
images--63-_jpg.rf.758edf086307ddab4b0c44ae02bda874.jpg,300,300,beard,104,96,223,155
images--49-_jpg.rf.82b6800e835b092ada0b0811df54eaf9.jpg,300,300,beard,95,56,216,172
images--120-_jpg.rf.7c6dcbe84251875b27a1bac14b24ff72.jpg,300,300,beard,114,72,184,144
images--126-_jpg.rf.7c5fc4c1801f1475c378dbbfcc819369.jpg,300,300,beard,80,114,165,177
images--96-_jpg.rf.767c40f2a4526001dbc2fd89b7ecaa16.jpg,300,300,beard,56,82,175,159
images--195-_jpg.rf.78f74e00ba102bc241791b33ebf308a2.jpg,300,300,beard,136,147,204,218
images--118-_jpg.rf.83514b21954b7c0d4c178f4d14022044.jpg,300,300,beard,118,114,219,198
images--182-_jpg.rf.74778ebc9e61be6cca63c61023e4ed66.jpg,300,300,beard,66,48,216,125
images--44-_jpg.rf.850a8342da4cd340f893cf7ee1ee8557.jpg,300,300,beard,120,138,214,192
images--78-_jpg.rf.7deccade95d5ed16fa317f36020ec433.jpg,300,300,beard,107,59,221,123
images--129-_jpg.rf.748f1b0180efd290e0aacb6895fe490e.jpg,300,300,beard,129,112,215,170
images--168-_jpg.rf.8bc8ebb97cdf22dbbf2aceab745ecfd2.jpg,300,300,beard,74,183,237,260
images--137-_jpg.rf.7d7c569c2f0092fa440a8416e1312524.jpg,300,300,beard,137,68,200,133
images--151-_jpg.rf.88d65a325d4a5c1ce7cff3610091ea01.jpg,300,300,beard,161,86,199,118
images--35-_jpg.rf.87ba8b5f6c4d4506e92c28b8a7652d42.jpg,300,300,beard,155,77,287,150
images--42-_jpg.rf.88c749845e889cefc1a41d036b8e1156.jpg,300,300,beard,86,131,138,213
images--119-_jpg.rf.809cd5c219c6dc2b7f236426b9ad1d40.jpg,300,300,beard,125,160,193,212
images--104-_jpg.rf.8b71b835f3255827d4526c9d0296b25c.jpg,300,300,beard,41,135,220,217
images--193-_jpg.rf.8600f666c1f3cb2feaf8f98282085c5c.jpg,300,300,beard,109,95,190,176
images--62-_jpg.rf.8abf7c3c5ac3587d63816d1768ba7b57.jpg,300,300,beard,139,78,217,149
images--113-_jpg.rf.8527771cb1dc874c728c408480065e81.jpg,300,300,beard,91,23,213,168
images--154-_jpg.rf.8d9ff2b6a7f1a55bcd854f5c59b8e03e.jpg,300,300,beard,94,136,158,201
images--86-_jpg.rf.8dee583781f95048121c63e6157b4456.jpg,300,300,beard,120,147,185,215
images--114-_jpg.rf.7e9bef66d9bcf65b1a3486515942f405.jpg,300,300,beard,104,32,205,145
images--223-_jpg.rf.81e035d408693edd7f8d9dc13d1a158b.jpg,300,300,beard,97,97,223,169
images--180-_jpg.rf.8dbdacfbb2e5a419c6a57c555f17c7a5.jpg,300,300,beard,85,120,226,180
images--118-_jpg.rf.7fb5a9ef6f4a9a4001d7ab63ebdb9a0a.jpg,300,300,beard,118,102,219,186
images--224-_jpg.rf.8c6b2d19930a80c2ece3f96756235999.jpg,300,300,beard,90,81,198,160
images--81-_jpg.rf.87782badf93222241286efda2fa306f4.jpg,300,300,beard,97,203,216,289
images--17-_jpg.rf.8da074f6842e2491ff43726ac84a2ea5.jpg,300,300,beard,107,146,163,212
images--64-_jpg.rf.88aa7ccbd7b8cc0359e1032e1ef79daa.jpg,300,300,beard,122,122,176,166
images--179-_jpg.rf.8616aa61825260d0e34057147a82f698.jpg,300,300,beard,108,26,226,115
images--55-_jpg.rf.906ed7009c5e724d764cd597d1ba41e2.jpg,300,300,beard,110,132,184,202
images--11-_jpg.rf.8e9e769034bb8d7682895002946b4142.jpg,300,300,beard,107,65,201,138
images--92-_jpg.rf.8e59dc01b1fb0dca8a101cace48570c0.jpg,300,300,beard,57,128,184,232
images--112-_jpg.rf.8dec852af91b5ddad8834bc900952a9f.jpg,300,300,beard,42,53,121,111
images--209-_jpg.rf.9172e55cd7d25b5548b5d57d950b3a94.jpg,300,300,beard,139,96,179,157
images--189-_jpg.rf.9025779c7dfd30b7a912330d21dfb53f.jpg,300,300,beard,66,81,116,111
images--186-_jpg.rf.91d4b9faf9a36247b06eca1b212a6126.jpg,300,300,beard,110,78,199,141
images--180-_jpg.rf.8ecf4245dc76cdd19910209e9e743074.jpg,300,300,beard,75,120,216,180
images--161-_jpg.rf.907b1bd54c24c9019a7261b55623e052.jpg,300,300,beard,154,66,210,95